Set,Accuracy,Precision,Recall,F1-Score
Train,0.7132210183503476,0.7304928981027325,0.7132210183503476,0.689869629816725
Validation,0.743,0.7628757670644136,0.743,0.7237545492999035
Test,0.7177822177822177,0.7280818935735104,0.7177822177822177,0.694450536630263
