Set,Accuracy,Precision,Recall,F1-Score
Train,0.7016972505793199,0.7174080513123523,0.7016972505793199,0.6763592987285805
Validation,0.732,0.7544728407241451,0.732,0.7138161853512834
Test,0.7057942057942058,0.7132936391241131,0.7057942057942058,0.6786167004854385
