Set,Accuracy,Precision,Recall,F1-Score
Train,0.7046408216947454,0.7187157287856122,0.7046408216947454,0.6827383464100452
Validation,0.739,0.7658959959044782,0.739,0.7233606843821151
Test,0.7202797202797203,0.7327428229270574,0.7202797202797203,0.7010508743012142
