Set,Accuracy,Precision,Recall,F1-Score
Train,0.8022170727124694,0.8340292815808711,0.8022170727124694,0.7964853593704685
Validation,0.797,0.8314748584420893,0.797,0.7901841452715578
Test,0.7782217782217782,0.8101661530409887,0.7782217782217782,0.7697516661984406
