Set,Accuracy,Precision,Recall,F1-Score
Train,0.7928226968121751,0.817427545924205,0.7928226968121751,0.785692469053447
Validation,0.7885,0.812212251358655,0.7885,0.7802896007183456
Test,0.7727272727272727,0.7990413982726164,0.7727272727272727,0.7627534176394244
